url,title
"http://www.webmd.com/heartburn-gerd/default.htm","Acid Reflux"
"http://www.webmd.com/a-to-z-guides/Anterior-Cruciate-Ligament-ACL-Injuries-Topic-Overview","ACL Injuries"
"http://www.webmd.com/skin-problems-and-treatments/acne/default.htm","Acne"
"http://www.webmd.com/brain/acoustic-neuroma-causes-symptoms-treatments","Acoustic Neuroma"
"http://www.webmd.com/cancer/acute-lymphoblastic-leukemia","Acute Lymphoblastic Leukemia"
"http://www.webmd.com/cancer/acute-myeloid-leukemia-symptoms-treatments","Acute Myeloid Leukemia"
"http://www.webmd.com/a-to-z-guides/Acute-Renal-Failure-Topic-Overview","Acute Renal Failure "
"http://www.webmd.com/add-adhd/default.htm","ADD/ADHD"
"http://www.webmd.com/add-adhd/childhood-adhd/default.htm","ADHD in Children"
"http://www.webmd.com/mental-health/tc/Alcohol-and-Drug-Problems-Topic-Overview","Addiction and Substance Abuse, Adult"
"http://www.webmd.com/mental-health/tc/Teen-Alcohol-and-Drug-Abuse-Topic-Overview","Addiction and Substance Abuse, Teen"
"http://children.webmd.com/adenoiditis","Adenoiditis"
"http://www.webmd.com/a-to-z-guides/macular-degeneration","Age-Related Macular Degeneration"
"http://www.webmd.com/healthy-aging/default.htm","Aging"
"http://www.webmd.com/hiv-aids/default.htm","AIDS"
"http://www.webmd.com/mental-health/Alcohol-Abuse/default.htm","Alcohol Abuse"
"http://www.webmd.com/mental-health/alcohol-abuse/alcohol-detox-programs","Alcohol Detox Programs"
"http://www.webmd.com/a-to-z-guides/alcohol-interactions-with-medications","Alcohol Interaction With Medication"
"http://www.webmd.com/mental-health/tc/Alcohol-Abuse-and-Dependence-Topic-Overview","Alcoholism"
"http://www.webmd.com/allergies/default.htm","Allergies"
"http://www.webmd.com/allergies/slideshow-common-allergy-triggers","Allergy Triggers Slideshow"
"http://www.webmd.com/balance/what-is-alternative-medicine","Alternative Medicine"
"http://www.webmd.com/alzheimers/default.htm","Alzheimer's"
"http://www.webmd.com/alzheimers/understanding-alzheimers-disease-symptoms","Alzheimer's Symptoms"
"http://www.webmd.com/a-to-z-guides/definition-amputation","Amputation Overview"
"http://www.webmd.com/a-to-z-guides/amyloidosis-symptoms-causes-treatments","Amyloidosis"
"http://www.webmd.com/a-to-z-guides/anal-abscess","Anal Abscess"
"http://www.webmd.com/a-to-z-guides/understanding-anemia-basics","Anemia"
"http://www.webmd.com/heart-disease/guide/heart-disease-angina","Angina"
"http://www.webmd.com/mental-health/anorexia-nervosa/default.htm","Anorexia Nervosa"
"http://www.webmd.com/anxiety-panic/default.htm","Anxiety/Panic"
"http://children.webmd.com/apert-syndrome-symptoms-treatments-prognosis","Apert Syndrome"
"http://www.webmd.com/digestive-disorders/digestive-diseases-appendicitis","Appendicitis"
"http://www.webmd.com/heart-disease/guide/heart-disease-abnormal-heart-rhythm","Arrhythmia"
"http://www.webmd.com/arthritis/default.htm","Arthritis"
"http://www.webmd.com/asthma/default.htm","Asthma"
"http://www.webmd.com/skin-problems-and-treatments/tc/Athletes-Foot-Topic-Overview","Athlete's Foot"
"http://www.webmd.com/heart-disease/guide/heart-disease-atrial-fibrillation-basics","Atrial Fibrillation"
"http://www.webmd.com/brain/Autism/default.htm","Autism"
"http://www.webmd.com/arthritis/avascular-necrosis-osteonecrosis-symptoms-treatments","Avascular Necrosis"
"http://www.webmd.com/cold-and-flu/tc/avian-influenza-bird-flu-overview","Avian Flu"
"http://www.webmd.com/mental-health/avoidant-personality-disorders","Avoidant Personality Disorders"
"http://www.webmd.com/parenting/slideshow-baby-milestones-first-year","Baby Milestones: First Year of Development Slideshow"
"http://www.webmd.com/parenting/slideshow-toddler-milestones-second-year","Baby Milestones: Second Year of Development Slideshow"
"http://www.webmd.com/parenting/baby/caring-babies-teeth","Baby's Teeth Care"
"http://www.webmd.com/back-pain/default.htm","Back Pain"
"http://www.webmd.com/oral-health/guide/webmd-medical-reference-collaboration-cleveland-clinic-dental-health-bad-breath","Bad Breath"
"http://www.webmd.com/skin-beauty/default.htm","Beauty and Skin "
"http://www.webmd.com/a-to-z-guides/features/dont-lose-sleep-over-bed-bugs","Bed Bugs"
"http://www.webmd.com/skin-problems-and-treatments/slideshow-bedbugs","Bedbugs Slideshow"
"http://www.webmd.com/mental-health/tc/Binge-Eating-Disorder-Topic-Overview","Binge Eating Disorder "
"http://www.webmd.com/a-to-z-guides/biofeedback-therapy-uses-benefits","Biofeedback"
"http://www.webmd.com/bipolar-disorder/default.htm","Bipolar Disorder"
"http://www.webmd.com/cold-and-flu/tc/avian-influenza-bird-flu-overview","Bird Flu"
"http://www.webmd.com/sex/Birth-Control/default.htm","Birth Control"
"http://www.webmd.com/sex-relationships/sexual-health-your-guide-to-birth-control-pill","Birth Control Pills"
"http://www.webmd.com/skin-problems-and-treatments/slideshow-birthmarks","Birthmarks Slideshow"
"http://www.webmd.com/cancer/tc/Bladder-Cancer-Topic-Overview","Bladder Cancer"
"http://www.webmd.com/urinary-incontinence-oab/bladder-training-techniques","Bladder Training"
"http://www.webmd.com/skin-problems-and-treatments/tc/Blisters-Topic-Overview","Blisters"
"http://www.webmd.com/heartburn-gerd/tc/Gas-Bloating-and-Burping-Topic-Overview","Bloating"
"http://www.webmd.com/a-to-z-guides/blood-clots","Blood Clots"
"http://www.webmd.com/a-to-z-guides/blood-disorder-types-and-treatment","Blood Disorders"
"http://www.webmd.com/digestive-disorders/blood-in-urine-causes","Blood In Urine (Hematuria)"
"http://weightloss.webmd.com/","BMI"
"http://www.webmd.com/skin-problems-and-treatments/tc/Body-Piercing-Problems-Topic-Overview","Body Piercings"
"http://www.webmd.com/a-to-z-guides/Bone-Spur-Topic-Overview","Bone Spurs"
"http://www.webmd.com/cancer/bone-tumors","Bone Tumors"
"http://www.webmd.com/digestive-disorders/bowel-incontinence","Bowel Incontinence"
"http://www.webmd.com/add-adhd/slideshow-brain-foods-that-help-you-concentrate","Brain Food Slideshow: Can Food Help You Focus?"
"http://www.webmd.com/brain/default.htm","Brain and Nervous System"
"http://www.webmd.com/cancer/brain-cancer/default.htm","Brain Cancer"
"http://www.webmd.com/brain/brain-diseases","Brain Diseases"
"http://www.webmd.com/brain/brain-eating-amoeba","Brain-Eating Amoeba"
"http://www.webmd.com/breast-cancer/default.htm","Breast Cancer"
"http://www.webmd.com/lung/understanding-bronchitis-basics","Bronchitis"
"http://www.webmd.com/a-to-z-guides/Bruises-and-Blood-Spots-Under-the-Skin-Topic-Overview","Bruises"
"http://www.webmd.com/a-to-z-guides/brucellosis-symptoms-treatment","Brucellosis"
"http://www.webmd.com/mental-health/tc/Bulimia-Nervosa-Topic-Overview","Bulimia Nervosa"
"http://www.webmd.com/cancer/burkitt-lymphoma-prognosis-diagnosis-treatments","Burkitt Lymphoma"
"http://www.webmd.com/a-to-z-guides/Burns-Topic-Overview","Burns"
"http://www.webmd.com/osteoarthritis/guide/arthritis-bursitis","Bursitis"
"http://www.webmd.com/cancer/default.htm","Cancer"
"http://www.webmd.com/oral-health/guide/dental-health-canker-sores","Canker Sores"
"http://www.webmd.com/osteoarthritis/arthritis-carpal-tunnel-syndrome","Carpal Tunnel Syndrome"
"http://www.webmd.com/healthy-aging/guide/eye-health-cataracts-eyes","Cataracts"
"http://www.webmd.com/a-to-z-guides/cavernous-sinus-thrombosis","Cavernous Sinus Thrombosis"
"http://www.webmd.com/digestive-disorders/celiac-disease/default.htm","Celiac Disease"
"http://www.webmd.com/diet/slideshow-gluten-free-diet","Celiac Disease: Starting a Gluten-Free Diet Slideshow"
"http://www.webmd.com/cancer/tc/Cervical-Cancer-Topic-Overview","Cervical Cancer"
"http://www.webmd.com/cancer/cervical-cancer/cervical-dysplasia-symptoms-causes-treatments","Cervical Dysplasia"
"http://www.webmd.com/a-to-z-guides/understanding-chickenpox-basics","Chicken Pox"
"http://www.webmd.com/children/default.htm","Children's Health"
"http://www.webmd.com/parenting/slideshow-baby-milestones-first-year","Child Development: First Year Milestones Slideshow"
"http://www.webmd.com/parenting/slideshow-toddler-milestones-second-year","Child Development: Second Year Milestones Slideshow"
"http://www.webmd.com/add-adhd/childhood-adhd/default.htm","Childhood ADHD"
"http://children.webmd.com/slideshow-common-childhood-skin-problems","Childhood Skin Problems Slideshow"
"http://www.webmd.com/sexual-conditions/sexual-health-chlamydia","Chlamydia"
"http://www.webmd.com/a-to-z-guides/cholera-faq","Cholera"
"http://www.webmd.com/cholesterol-management/default.htm","Cholesterol Management"
"http://www.webmd.com/a-to-z-guides/Chronic-Fatigue-Syndrome-Topic-Overview","Chronic Fatigue Syndrome"
"http://www.webmd.com/a-to-z-guides/Chronic-Kidney-Disease-Topic-Overview","Chronic Kidney Disease "
"http://www.webmd.com/cancer/chronic-lymphocytic-leukemia","Chronic Lymphocytic Leukemia"
"http://www.webmd.com/a-to-z-guides/Chronic-Female-Pelvic-Pain-Topic-Overview","Chronic Pelvic Pain"
"http://www.webmd.com/healthy-aging/features/cloning-facts-fiction","Cloning"
"http://www.webmd.com/cold-and-flu/default.htm","Cold and Flu"
"http://www.webmd.com/skin-problems-and-treatments/tc/Cold-Sores-Topic-Overview","Cold Sores"
"http://www.webmd.com/colorectal-cancer/default.htm","Colorectal Cancer "
"http://www.webmd.com/baby/slideshow-conception","Conception Slideshow"
"http://www.webmd.com/a-to-z-guides/Heart-Failure-Overview","Congestive Heart Failure"
"http://www.webmd.com/eye-health/eye-health-conjunctivitis","Conjunctivitis"
"http://www.webmd.com/a-to-z-guides/connective-tissue-disease","Connective Tissue Disease"
"http://www.webmd.com/digestive-disorders/digestive-diseases-constipation","Constipation"
"http://www.webmd.com/a-to-z-guides/Birth-Control-Overview","Contraception"
"http://www.webmd.com/copd/default.htm","COPD (Chronic Obstructive Pulmonary Dise..."
"http://www.webmd.com/eye-health/cornea-transplant-surgery","Cornea Transplant"
"http://www.webmd.com/cold-and-flu/tc/Coughs-Topic-Overview","Coughs"
"http://www.webmd.com/a-to-z-guides/creatinine-and-creatinine-clearance-blood-tests","Creatinine"
"http://www.webmd.com/ibd-crohns-disease/default.htm","Crohn's Disease"
"http://www.webmd.com/children/tc/Croup-Topic-Overview","Croup"
"http://www.webmd.com/children/guide/understanding-cystic-fibrosis-basics","Cystic Fibrosis"
"http://www.webmd.com/skin-problems-and-treatments/cysts","Cysts"
"http://www.webmd.com/a-to-z-guides/Dehydration-Topic-Overview","Dehydration"
"http://www.webmd.com/a-to-z-guides/dengue-fever-reference","Dengue Fever"
"http://www.webmd.com/oral-health/default.htm","Dental Care"
"http://www.webmd.com/oral-health/slideshow-cosmetic-dentistry","Dental Care: Cosmetic Dentistry Slideshow"
"http://www.webmd.com/depression/default.htm","Depression"
"http://www.webmd.com/diabetes/default.htm","Diabetes"
"http://www.webmd.com/baby/tc/Gestational-Diabetes-Topic-Overview","Diabetes, Gestational"
"http://www.webmd.com/diabetes/guide/diabetes-type-1-diabetes","Diabetes, Type I"
"http://www.webmd.com/diabetes/guide/type-2-diabetes","Diabetes, Type II"
"http://www.webmd.com/mental-health/dialectical-behavioral-therapy","Dialectical Behavioral Therapy"
"http://www.webmd.com/digestive-disorders/digestive-diseases-diarrhea","Diarrhea"
"http://www.webmd.com/diet/default.htm","Diet and Nutrition"
"http://www.webmd.com/diet/guide/weight-loss-prescription-weight-loss-medicine","Diet Pills"
"http://www.webmd.com/digestive-disorders/default.htm","Digestive Disorders"
"http://www.webmd.com/brain/tc/Diverticulitis-Topic-Overview","Diverticulitis"
"http://www.webmd.com/brain/tc/Dizziness-Lightheadedness-and-Vertigo-Topic-Overview","Dizziness"
"http://www.webmd.com/a-to-z-guides/what-is-a-drug-recall","Drug Recall"
"http://www.webmd.com/skin-problems-and-treatments/guide/cosmetic-procedures-skin-care-dry-skin","Dry Skin"
"http://children.webmd.com/dwarfism-causes-treatments","Dwarfism"
"http://www.webmd.com/a-to-z-guides/Ear-Infections-Topic-Overview","Ear Infections"
"http://www.webmd.com/mental-health/signs-of-eating-disorders","Eating Disorder Signs"
"http://www.webmd.com/skin-problems-and-treatments/Eczema/default.htm","Eczema"
"http://diabetes.webmd.com/endocrine-system-disorders","Endocrine System Disorders"
"http://women.webmd.com/Endometriosis/default.htm","Endometriosis"
"http://www.webmd.com/hepatitis/enlarged-liver-causes","Enlarged Liver"
"http://www.webmd.com/men/tc/Benign-Prostatic-Hyperplasia-BPH-Topic-Overview","Enlarged Prostate"
"http://www.webmd.com/epilepsy/default.htm","Epilepsy"
"http://www.webmd.com/erectile-dysfunction/default.htm","Erectile Dysfunction"
"http://www.webmd.com/add-adhd/executive-function","Executive Function"
"http://www.webmd.com/fitness-exercise/slideshow-7-most-effective-exercises","Exercise: 7 Most Effective Exercises Slideshow"
"http://www.webmd.com/fitness-exercise/default.htm","Exercise and Fitness"
"http://www.webmd.com/fitness-exercise/slideshow-9-tips-flat-abs","Exercise: Flat Abs Slideshow"
"http://www.webmd.com/fitness-exercise/slideshow-30-minute-workout-routine","Exercise: The 30-Minute Workout Routine Slideshow"
"http://www.webmd.com/food-recipes/exotic-fruits-slideshow","Exotic Fruits Slideshow"
"http://www.webmd.com/eye-health/eye-fatigue-causes-symptoms-treatment","Eye Fatigue"
"http://www.webmd.com/eye-health/default.htm","Eye Health"
"http://www.webmd.com/eye-health/why-your-eyes-twitch","Eye Twitching"
"http://www.webmd.com/teens/boys/facial-hair-faq","Facial Hair"
"http://www.webmd.com/diet/slideshow-best-and-worst-fast-food-breakfasts","Fast-Food Breakfasts Slideshow: Best &amp; Worst"
"http://www.webmd.com/a-to-z-guides/Weakness-and-Fatigue-Topic-Overview","Fatigue"
"http://www.webmd.com/urinary-incontinence-oab/womens-guide/default.htm","Female Incontinence"
"http://www.webmd.com/baby/slideshow-fetal-development","Fetal Development Slideshow"
"http://www.webmd.com/first-aid/fevers-causes-symptoms-treatments","Fevers"
"http://www.webmd.com/infertility-and-reproduction/guide/sexual-health-your-guide-to-uterine-fibroids","Fibroids"
"http://www.webmd.com/fibromyalgia/default.htm","Fibromyalgia"
"http://www.webmd.com/a-to-z-guides/fine-needle-aspiration","Fine Needle Aspiration"
"http://www.webmd.com/cancer/fish-cancer-test","Fish Cancer Test"
"http://www.webmd.com/fitness-exercise/slideshow-7-most-effective-exercises","Fitness: 7 Most Effective Exercises Slideshow"
"http://www.webmd.com/fitness-exercise/slideshow-9-least-effective-exercises","Fitness: 9 Least Effective Exercises Slideshow"
"http://www.webmd.com/fitness-exercise/default.htm","Fitness and Exercise"
"http://www.webmd.com/fitness-exercise/slideshow-30-minute-workout-routine","Fitness: The 30-Minute Workout Routine Slideshow"
"http://www.webmd.com/fitness-exercise/slideshow-9-tips-flat-abs","Flat Abs Slideshow"
"http://www.webmd.com/cold-and-flu/default.htm","Flu"
"http://www.webmd.com/cold-and-flu/flu-guide/fact-sheet-vaccines","Flu Shots"
"http://www.webmd.com/mental-health/mental-health-food-addiction","Food Addiction"
"http://www.webmd.com/food-recipes/default.htm","Food and Recipes"
"http://www.webmd.com/food-recipes/food-poisoning/default.htm","Food Poisoning"
"http://www.webmd.com/food-recipes/nutrition-new-food-pyramid-6/","Food Pyramid"
"http://www.webmd.com/a-to-z-guides/foot-drop-causes-symptoms-treatments","Foot Drop"
"http://www.webmd.com/skin-problems-and-treatments/slideshow-common-foot-problems","Foot Problems Slideshow"
"http://www.webmd.com/food-recipes/exotic-fruits-slideshow","Fruit: Exotic Fruits Slideshow"
"http://www.webmd.com/digestive-disorders/tc/Gallstones-Topic-Overview","Gallstones"
"http://www.webmd.com/digestive-disorders/tc/Gas-Flatus-Topic-Overview","Gas"
"http://www.webmd.com/digestive-disorders/digestive-diseases-gastritis","Gastritis"
"http://www.webmd.com/digestive-disorders/viral-gastroenteritis","Gastroenteritis"
"http://www.webmd.com/a-to-z-guides/gaucher-disease-symptoms-causes-treatments","Gaucher Disease"
"http://www.webmd.com/genital-herpes/default.htm","Genital Herpes"
"http://www.webmd.com/sexual-conditions/HPV-Genital-Warts/","Genital Warts/HPV"
"http://www.webmd.com/heartburn-gerd/default.htm","GERD"
"http://www.webmd.com/baby/tc/Gestational-Diabetes-Topic-Overview","Gestational Diabetes"
"http://www.webmd.com/a-to-z-guides/glycemic-index-good-versus-bad-carbs","Glycemic Index"
"http://www.webmd.com/a-to-z-guides/Gout-Topic-Overview","Gout"
"http://arthritis.webmd.com/slideshow-gout","Gout Slideshow: See What Gout Looks Like"
"http://www.webmd.com/a-to-z-guides/understanding-graves-disease-basics","Graves Disease"
"http://www.webmd.com/children/growing-pains","Growing Pains"
"http://www.webmd.com/diet/slideshow-gluten-free-diet","Slideshow: Gluten-Free Diet"
"http://www.webmd.com/skin-problems-and-treatments/understanding-hair-loss-basics","Hair Loss"
"http://www.webmd.com/skin-problems-and-treatments/hair-loss/hair-transplants","Hair Transplants"
"http://www.webmd.com/eye-health/halos-and-glare-causes-prevention-treatment","Halos/Glare"
"http://www.webmd.com/a-to-z-guides/hashimotos-thyroiditis-symptoms-causes-treatments","Hashimoto's Thyroiditis"
"http://www.webmd.com/children/tc/Lice-Topic-Overview","Head Lice"
"http://www.webmd.com/migraines-headaches/default.htm","Headaches"
"http://www.webmd.com/health-insurance/default.htm","Health Insurance"
"http://www.webmd.com/healthy-aging/default.htm","Healthy Aging"
"http://www.webmd.com/diet/default.htm","Healthy Eating"
"http://www.webmd.com/a-to-z-guides/hearing-loss-causes-symptoms-treatment","Hearing Loss"
"http://www.webmd.com/heart-disease/default.htm","Heart Disease"
"http://www.webmd.com/heart-disease/heart-failure/default.htm","Heart Failure"
"http://www.webmd.com/heart/default.htm","Heart Health"
"http://www.webmd.com/heartburn-gerd/default.htm","Heartburn/GERD"
"http://www.webmd.com/a-to-z-guides/heat-exhaustion","Heat Exhaustion"
"http://www.webmd.com/skin-problems-and-treatments/tc/Heat-Rash-Topic-Overview","Heat Rash"
"http://www.webmd.com/a-to-z-guides/heat-stroke-symptoms-and-treatment","Heatstroke"
"http://www.webmd.com/a-to-z-guides/Hemorrhoids-Topic-Overview","Hemorrhoids"
"http://www.webmd.com/hepatitis/default.htm","Hepatitis"
"http://www.webmd.com/men/guide/understanding-hernia-basics","Hernia"
"http://www.webmd.com/skin-problems-and-treatments/tc/Cold-Sores-Topic-Overview","Herpes, Cold Sores"
"http://www.webmd.com/genital-herpes/default.htm","Herpes, Genital "
"http://www.webmd.com/digestive-disorders/hiatal-hernia-diet-tips","Hiatal Hernia Diet"
"http://www.webmd.com/a-to-z-guides/Hiccups-Topic-Overview","Hiccups"
"http://www.webmd.com/hypertension-high-blood-pressure/default.htm","High Blood Pressure"
"http://www.webmd.com/diet/slideshow-high-protein-diet","High-Protein Diet Slideshow "
"http://www.webmd.com/hiv-aids/default.htm","HIV/AIDS"
"http://www.webmd.com/skin-problems-and-treatments/guide/skin-conditions-hives-urticaria-angioedema","Hives"
"http://www.webmd.com/cancer/understanding-hodgkins-disease-basic-information","Hodgkin's Disease"
"http://www.webmd.com/smoking-cessation/hypnosis-for-quitting-smoking","Holistic Medicine"
"http://www.webmd.com/menopause/guide/hot-flashes","Hot Flashes"
"http://www.webmd.com/sexual-conditions/HPV-Genital-Warts/","HPV/Genital Warts"
"http://www.webmd.com/a-to-z-guides/hyperkalemia-causes-symptoms-treatments","Hyperkalemia"
"http://www.webmd.com/hypertension-high-blood-pressure/default.htm","Hypertension"
"http://www.webmd.com/a-to-z-guides/overactive-thyroid-hyperthyroidism","Hyperthyroidism"
"http://www.webmd.com/smoking-cessation/hypnosis-for-quitting-smoking","Hypnosis for Quitting Smoking"
"http://www.webmd.com/a-to-z-guides/what-is-hypothermia","Hypothermia"
"http://www.webmd.com/a-to-z-guides/hypothyroidism-underactive-thyroid-symptoms-causes-treatments","Hypothyroidism"
"http://www.webmd.com/a-to-z-guides/immune-system-disorders","Immune System Disorders"
"http://www.webmd.com/vaccines/default.htm","Immunizations"
"http://www.webmd.com/urinary-incontinence-oab/default.htm","Incontinence/Overactive Bladder"
"http://www.webmd.com/a-to-z-guides/bacterial-and-viral-infections","Infections (Bacterial and Viral)"
"http://www.webmd.com/infertility-and-reproduction/default.htm","Infertility and Reproduction"
"http://www.webmd.com/ibd-crohns-disease/default.htm","Inflammatory Bowel Disease/Crohn's Disease"
"http://www.webmd.com/skin-problems-and-treatments/tc/razor-bumps-topic-overview","Ingrown Hair"
"http://www.webmd.com/skin-problems-and-treatments/understanding-ingrown-nail-basics","Ingrown Toenail"
"http://firstaid.webmd.com/understanding-insect-bites-spider-bites-basic-information","Insect Bites"
"http://www.webmd.com/sleep-disorders/sleep-disorders-insomnia","Insomnia"
"http://www.webmd.com/diabetes/guide/diabetes-insulin-resistance-syndrome","Insulin Resistance"
"http://www.webmd.com/health-insurance/default.htm","Insurance &amp; Medicare"
"http://www.webmd.com/cancer/integrative-med-cancer-7/default.htm","Integrative Medicine"
"http://www.webmd.com/lung/interventional-pulmonology-uses-effects","Interventional Pulmonology"
"http://www.webmd.com/firstaid/internal-bleeding-causes-signs","Internal Bleeding"
"http://www.webmd.com/ibs/default.htm","Irritable Bowel Syndrome"
"http://www.webmd.com/children/digestive-diseases-jaundice","Jaundice "
"http://www.webmd.com/sleep-disorders/sleep-disorders-sleep-travel","Jetlag"
"http://www.webmd.com/men/tc/Jock-Itch-Topic-Overview","Jock Itch"
"http://www.webmd.com/rheumatoid-arthritis/guide/preventing-joint-damage-rheumatoid-arthritis","Joint Damage"
"http://www.webmd.com/diabetes/guide/default.htm","Juvenile Diabetes"
"http://www.webmd.com/a-to-z-guides/kidney-cyst-causes-symptoms-treatments","Kidney Cyst"
"http://www.webmd.com/a-to-z-guides/kidney-dialysis","Kidney Dialysis"
"http://www.webmd.com/a-to-z-guides/Acute-Renal-Failure-Topic-Overview","Kidney Failure"
"http://www.webmd.com/a-to-z-guides/understanding-urinary-tract-infections-basics","Kidney Infection"
"http://www.webmd.com/a-to-z-guides/understanding-kidney-stones-basics","Kidney Stones"
"http://www.webmd.com/pain-management/knee-pain","Knee Pain"
"http://www.webmd.com/osteoarthritis/guide/arthritis-knee-replacement-surgery","Knee Replacement Surgery"
"http://www.webmd.com/baby/guide/pregnancy-labor","Labor and Delivery "
"http://www.webmd.com/digestive-disorders/tc/Lactose-Intolerance-Topic-Overview","Lactose Intolerance"
"http://www.webmd.com/a-to-z-guides/Laryngitis-Topic-Overview","Laryngitis"
"http://www.webmd.com/cholesterol-management/default.htm","LDL Cholesterol"
"http://www.webmd.com/cancer/tc/Leukemia-Topic-Overview","Leukemia"
"http://www.webmd.com/cancer/childhood-leukemia-symptoms-treatments","Leukemia in Children"
"http://www.webmd.com/children/tc/Lice-Topic-Overview","Lice"
"http://www.webmd.com/cancer/understanding-liver-cancer-basic-information","Liver Cancer"
"http://www.webmd.com/digestive-disorders/digestive-diseases-liver-failure","Liver Failure"
"http://www.webmd.com/back-pain/tc/Low-Back-Pain-Topic-Overview","Lower Back Pain"
"http://www.webmd.com/ibd-crohns-disease/low-residue-diet-foods","Low Residue Diet"
"http://www.webmd.com/lung-cancer/default.htm","Lung Cancer"
"http://www.webmd.com/lung/default.htm","Lung Disease"
"http://www.webmd.com/lung/lung-transplant-surgery","Lung Transplant"
"http://www.webmd.com/lupus/default.htm","Lupus"
"http://www.webmd.com/arthritis/tc/Lyme-Disease-Topic-Overview","Lyme Disease"
"http://www.webmd.com/eye-health/macular-degeneration/default.htm","Macular Degeneration"
"http://www.webmd.com/diet/tc/mad-cow-disease-know-basics","Mad Cow Disease"
"http://www.webmd.com/a-to-z-guides/manuka-honey-medicinal-uses","Manuka Honey"
"http://www.webmd.com/medicare/default.htm","Medicare"
"http://www.webmd.com/melanoma-skin-cancer/slideshow-precancerous-skin-lesions-and-skin-cancer","Melanoma and Non-Melanoma Skin Cancers Slideshow"
"http://www.webmd.com/melanoma-skin-cancer/default.htm","Melanoma/Skin Cancer"
"http://www.webmd.com/brain/memory-loss","Memory Loss"
"http://www.webmd.com/brain/meningioma-causes-symptoms-treatment","Meningioma"
"http://www.webmd.com/a-to-z-guides/Meningitis-Topic-Overview","Meningitis"
"http://www.webmd.com/menopause/default.htm","Menopause "
"http://www.webmd.com/men/default.htm","Men's Health"
"http://www.webmd.com/women/tc/Normal-Menstrual-Cycle-Topic-Overview","Menstrual Cycle"
"http://www.webmd.com/women/tc/Normal-Menstrual-Cycle-Topic-Overview","Menstruation"
"http://www.webmd.com/mental-health/default.htm","Mental Health"
"http://www.webmd.com/a-to-z-guides/inherited-metabolic-disorder-types-and-treatments","Metabolic Disorders (Inherited)"
"http://www.webmd.com/heart/Metabolic-Syndrome/default.htm","Metabolic Syndrome"
"http://www.webmd.com/migraines-headaches/default.htm","Migraines/Headaches"
"http://www.webmd.com/balance/default.htm","Mind, Body, Spirit"
"http://www.webmd.com/women/tc/Missed-or-Irregular-Periods-Topic-Overview","Missed Period"
"http://www.webmd.com/heart/mitral-valve-prolapse-symptoms-causes-and-treatment","Mitral Valve Prolapse"
"http://www.webmd.com/skin-problems-and-treatments/guide/skin-conditions-moles-freckles-skin-tags","Moles"
"http://www.webmd.com/a-to-z-guides/Infectious-Mononucleosis-Topic-Overview","Mono"
"http://www.webmd.com/teens/mono-in-teens-faq","Mono in Teens"
"http://www.webmd.com/a-to-z-guides/moon-facies","Moon Facies"
"http://www.webmd.com/skin-problems-and-treatments/morgellons-disease-what-is-it","Morgellons"
"http://www.webmd.com/baby/guide/Managing-morning-sickness","Morning Sickness"
"http://www.webmd.com/cancer/multiple-myeloma-symptoms-causes-treatment","Multiple Myeloma"
"http://www.webmd.com/multiple-sclerosis/default.htm","Multiple Sclerosis"
"http://www.webmd.com/a-to-z-guides/Mumps-Topic-Overview","Mumps"
"http://www.webmd.com/pain-management/guide/pain-management-myofascial-pain-syndrome-muscle-pain","Muscle Pain"
"http://www.webmd.com/a-to-z-guides/myelodysplastic-syndrome-causes-symptoms-treatment","Myelodysplastic Syndrome (MDS)"
"http://www.webmd.com/a-to-z-guides/myositis-symptoms-treatments-prognosis","Myositis"
"http://www.webmd.com/skin-problems-and-treatments/tc/Fungal-Nail-Infections-Topic-Overview","Nail Fungus"
"http://www.webmd.com/diabetes/tc/Diabetic-Neuropathy-Topic-Overview","Neuropathy"
"http://www.webmd.com/a-to-z-guides/neutropenia-causes-symptoms-treatment","Neutropenia"
"http://www.webmd.com/sleep-disorders/guide/sleep-disorders-sleep-related-eating-disorders","Night Eating"
"http://www.webmd.com/a-to-z-guides/nonallergic-rhinitis","Nonallergic Rhinitis"
"http://www.webmd.com/cancer/non-hodgkins-lymphoma/non-hodgkins-lymphoma-topic-overview","Non-Hodgkin's Lymphoma"
"http://www.webmd.com/rheumatoid-arthritis/guide/pain-relief-how-nsaids-work","NSAIDs"
"http://www.webmd.com/children/nursemaid-elbow","Nursemaid's Elbow"
"http://www.webmd.com/diet/default.htm","Nutrition"
"http://www.webmd.com/diet/tc/Obesity-Overview","Obesity"
"http://www.webmd.com/sleep-disorders/sleep-apnea/obstructive-sleep-apnea-causes","Obstructive Sleep Apnea"
"http://www.webmd.com/oral-health/default.htm","Oral Health"
"http://www.webmd.com/oral-health/slideshow-cosmetic-dentistry","Oral Health: Cosmetic Dentistry Slideshow"
"http://www.webmd.com/a-to-z-guides/organ-donation-facts","Organ Donation"
"http://www.webmd.com/a-to-z-guides/life-after-transplant-tips-managing-health","Organ Transplant: Care Afterwards"
"http://www.webmd.com/a-to-z-guides/Organ-Transplant-Overview","Organ Transplants"
"http://www.webmd.com/food-recipes/ss/slideshow-to-buy-or-not-to-buy-organic","Organic Foods Slideshow: To Buy or Not to Buy"
"http://www.webmd.com/osteoarthritis/default.htm","Osteoarthritis"
"http://www.webmd.com/osteoporosis/default.htm","Osteoporosis "
"http://www.webmd.com/ovarian-cancer/default.htm","Ovarian Cancer"
"http://www.webmd.com/urinary-incontinence-oab/default.htm","Overactive Bladder"
"http://www.webmd.com/baby/ovulation-calendar","Ovulation Calendar"
"http://www.webmd.com/pain-management/default.htm","Pain Management"
"http://www.webmd.com/a-to-z-guides/dysuria-causes-symptoms","Painful Urination"
"http://www.webmd.com/palliative-care/default.htm","Palliative Care"
"http://www.webmd.com/a-to-z-guides/digestive-diseases-pancreatic-cancer","Pancreatic Cancer"
"http://www.webmd.com/anxiety-panic/default.htm","Panic/Anxiety Disorders"
"http://www.webmd.com/a-to-z-guides/paragonimiasis","Paragonimiasis"
"http://www.webmd.com/parenting/default.htm","Parenting"
"http://www.webmd.com/parkinsons-disease/default.htm","Parkinson's Disease"
"http://www.webmd.com/women/tc/Polycystic-Ovary-Syndrome-PCOS-Topic-Overview","PCOS "
"http://www.webmd.com/add-adhd/childhood-adhd/default.htm","Pediatric ADHD"
"http://www.webmd.com/women/Women-Medical-Reference/sexual-health-your-guide-to-pelvic-inflammatory-disease","Pelvic Inflammatory Disease"
"http://www.webmd.com/pain-management/guide/default.htm","Pelvic Pain"
"http://www.webmd.com/a-to-z-guides/peppermint-oil-uses-benefits-effects","Peppermint Oil"
"http://www.webmd.com/menopause/tc/Menopause-and-Perimenopause-Overview","Perimenopause"
"http://www.webmd.com/skin-problems-and-treatments/tc/Body-Piercing-Problems-Topic-Overview","Piercings"
"http://www.webmd.com/eye-health/tc/Pinkeye-Topic-Overview","Pink Eye"
"http://www.webmd.com/pain-management/what-is-the-placebo-effect","Placebo Effect"
"http://www.webmd.com/skin-problems-and-treatments/tc/Warts-and-Plantar-Warts-Symptoms","Plantar Warts"
"http://www.webmd.com/lung/pleurisy-overview","Pleurisy"
"http://www.webmd.com/women/guide/premenstrual-syndrome","PMS (Pre-Menstrual Syndrome)"
"http://www.webmd.com/lung/pneumonia-topic-overview","Pneumonia"
"http://www.webmd.com/allergies/tc/Poison-Ivy-Oak-or-Sumac-Topic-Overview","Poison Ivy"
"http://www.webmd.com/colorectal-cancer/tc/Colon-Polyps-Topic-Overview","Polyps, Colon"
"http://www.webmd.com/a-to-z-guides/porphyria-symptoms-causes-treatment","Porphyria "
"http://www.webmd.com/melanoma-skin-cancer/slideshow-precancerous-skin-lesions-and-skin-cancer","Precancerous Skin Lesions and Skin Cancer Slideshow"
"http://www.webmd.com/baby/default.htm","Pregnancy"
"http://www.webmd.com/parenting/default.htm","Pregnancy and Family"
"http://www.webmd.com/baby/slideshow-fetal-development","Pregnancy: Fetal Development Slideshow"
"http://www.webmd.com/parenting/baby/primary-congenital-glaucoma","Primary Congenital Glaucoma"
"http://www.webmd.com/prostate-cancer/default.htm","Prostate Cancer"
"http://www.webmd.com/a-to-z-guides/using-prosthetic-limbs","Prosthetic Devices"
"http://www.webmd.com/eye-health/prosthetic-eye-ocular-prosthesis","Prosthetic Eye"
"http://www.webmd.com/a-to-z-guides/proteinuria-protein-in-urine","Protein in Urine"
"http://www.webmd.com/digestive-disorders/what-is-a-pseudocyst","Pseudocyst"
"http://www.webmd.com/skin-problems-and-treatments/psoriasis/default.htm","Psoriasis"
"http://www.webmd.com/skin-problems-and-treatments/psoriasis/laser-treatment-for-psoriasis","Psoriasis Laser Treatment"
"http://arthritis.webmd.com/psoriatic-arthritis/default.htm","Psoriatic Arthritis"
"http://www.webmd.com/eye-health/pterygium-surfers-eye","Pterygium (Surfer's Eye)"
"http://www.webmd.com/lung/copd/pulmonary-rehabilitation-for-copd","Pulmonary Rehab for COPD"
"http://www.webmd.com/brain/tc/Living-With-a-Spinal-Cord-Injury-Overview","Quadriplegia"
"http://www.webmd.com/smoking-cessation/quit-smoking","Quit Smoking"
"http://www.webmd.com/cancer/radioembolization-uses-benefits-risks","Radioembolization"
"http://www.webmd.com/skin-problems-and-treatments/tc/Rash-Age-12-and-Older-Topic-Overview","Rash"
"http://children.webmd.com/slideshow-common-childhood-skin-problems","Rash &amp; Other Skin Problems in Children - Slideshow"
"http://www.webmd.com/sleep-disorders/guide/sleep-disorders-restless-leg-syndrome","Restless Legs Syndrome"
"http://www.webmd.com/a-to-z-guides/rhabdomyolysis-symptoms-causes-treatments","Rhabdomyolysis"
"http://www.webmd.com/rheumatoid-arthritis/default.htm","Rheumatoid Arthritis"
"http://www.webmd.com/a-to-z-guides/understanding-ringworm-basics","Ringworm"
"http://www.webmd.com/skin-problems-and-treatments/slideshow-ringworm","Ringworm Slideshow: See Pictures of Ringworm "
"http://www.webmd.com/skin-problems-and-treatments/tc/Rosacea-Topic-Overview","Rosacea"
"http://www.webmd.com/a-to-z-guides/Rotator-Cuff-Disorders-Topic-Overview","Rotator Cuff Disorders"
"http://www.webmd.com/a-to-z-guides/Safe-Sex-Topic-Overview","Safe Sex"
"http://www.webmd.com/skin-problems-and-treatments/psoriasis/scalp-psoriasis","Scalp Psoriasis"
"http://www.webmd.com/schizophrenia/default.htm","Schizophrenia"
"http://www.webmd.com/depression/tc/Seasonal-Affective-Disorder-SAD-Topic-Overview","Seasonal Affective Disorder"
"http://www.webmd.com/allergies/default.htm","Seasonal Allergies"
"http://www.webmd.com/parenting/sensory-processing-disorder","Sensory Processing Disorder"
"http://www.webmd.com/a-to-z-guides/sepsis-septicemia-blood-infection","Sepsis (Blood Infection)"
"http://www.webmd.com/sex-relationships/default.htm","Sex and Relationships"
"http://www.webmd.com/sexual-conditions/default.htm","Sexual Conditions"
"http://www.webmd.com/sex/default.htm","Sexual Health"
"http://www.webmd.com/fitness-exercise/help-for-shin-splints","Shin Splints"
"http://www.webmd.com/skin-problems-and-treatments/Shingles","Shingles"
"http://www.webmd.com/allergies/guide/allergies-sinusitis","Sinusitis"
"http://www.webmd.com/skin-beauty/default.htm","Skin &amp; Beauty"
"http://www.webmd.com/melanoma-skin-cancer/default.htm","Skin Cancer"
"http://www.webmd.com/melanoma-skin-cancer/slideshow-precancerous-skin-lesions-and-skin-cancer","Skin Cancer and Precancerous Skin Lesions Slideshow"
"http://www.webmd.com/skin-beauty/slideshow-reducing-wrinkles","Skin Care Slideshow: Surprising Ways to Reduce Wrinkles"
"http://www.webmd.com/healthy-beauty/skin-lightening-products","Skin Lightening Products"
"http://www.webmd.com/skin-problems-and-treatments/slideshow-common-adult-skin-problems","Skin Problems in Adults- Slideshow"
"http://www.webmd.com/skin-problems-and-treatments/slideshow-birthmarks","Skin Problems: Birthmarks Slideshow"
"http://children.webmd.com/slideshow-common-childhood-skin-problems","Skin Problems in Children- Slideshow"
"http://www.webmd.com/skin-problems-and-treatments/slideshow-ringworm","Skin Problems: Ringworm Slideshow"
"http://www.webmd.com/skin-problems-and-treatments/default.htm","Skin Problems and Treatments"
"http://www.webmd.com/skin-problems-and-treatments/tc/Rash-Age-12-and-Older-Topic-Overview","Skin Rash"
"http://www.webmd.com/skin-problems-and-treatments/guide/skin-conditions-moles-freckles-skin-tags","Skin Tags"
"http://www.webmd.com/sleep-disorders/Sleep-Apnea/default.htm","Sleep Apnea"
"http://www.webmd.com/sleep-disorders/default.htm","Sleep Disorders"
"http://www.webmd.com/a-to-z-guides/smallpox-causes-treatment","Smallpox"
"http://www.webmd.com/Smoking-Cessation/default.htm","Smoking Cessation"
"http://www.webmd.com/a-to-z-guides/snapping-hip-syndrome-causes-symptoms-treatments","Snapping Hip Syndrome"
"http://www.webmd.com/sleep-disorders/tc/Snoring-Topic-Overview","Snoring"
"http://www.webmd.com/cold-and-flu/tc/Sore-Throat-Topic-Overview","Sore Throat"
"http://www.webmd.com/a-to-z-guides/Insect-Bites-and-Stings-and-Spider-Bites-Topic-Overview","Spider Bites"
"http://www.webmd.com/osteoporosis/guide/your-guide-spinal-compression-fractures-symptoms","Spinal Fracture"
"http://www.webmd.com/a-to-z-guides/types-of-spine-curvature-disorders","Spine Curvature Disorders"
"http://www.webmd.com/women/Women-Medical-Reference/staph-infection-cellulitis","Staph Infection"
"http://www.webmd.com/sexual-conditions/default.htm","STDs"
"http://www.webmd.com/a-to-z-guides/Neck-Problems-and-Injuries-Topic-Overview","Stiff Neck"
"http://www.webmd.com/digestive-disorders/gastroenteritis","Stomach Flu"
"http://www.webmd.com/a-to-z-guides/Strep-Throat-Topic-Overview","Strep Throat"
"http://www.webmd.com/balance/stress-management","Stress Management"
"http://www.webmd.com/stroke/default.htm","Stroke"
"http://www.webmd.com/eye-health/tc/Styes-and-Chalazia-Topic-Overview","Stye"
"http://www.webmd.com/skin-problems-and-treatments/slideshow-summer-skin-hazards","Summer Skin Hazards"
"http://www.webmd.com/brain/subdural-hematoma-symptoms-causes-treatments","Subdural Hematoma"
"http://www.webmd.com/skin-problems-and-treatments/tc/Sunburn-Topic-Overview","Sunburn"
"http://www.webmd.com/infertility-and-reproduction/guide/using-surrogate-mother","Surrogacy"
"http://www.webmd.com/sexual-conditions/sexual-health-syphilis","Syphilis"
"http://www.webmd.com/a-to-z-guides/swollen-ankles-and-feet","Swollen Feet or Ankles"
"http://www.webmd.com/children/tc/Teething-Topic-Overview","Teething"
"http://www.webmd.com/parenting/guide/preventing-temper-tantrums-in-children","Temper Tantrum Prevention"
"http://www.webmd.com/osteoarthritis/guide/arthritis-tendinitis","Tendinitis"
"http://www.webmd.com/osteoarthritis/guide/arthritis-tennis-elbow","Tennis Elbow"
"http://www.webmd.com/cancer/tc/Testicular-Cancer-Topic-Overview","Testicular Cancer"
"http://www.webmd.com/cancer/tc/Laryngeal-cancer-Treatment-Patient-Information-NCI-PDQ-General-Information-About-Laryngeal","Throat Cancer"
"http://www.webmd.com/a-to-z-guides/thrombocytopenia-symptoms-causes-treatments","Thrombocytopenia"
"http://www.webmd.com/women/guide/understanding-thyroid-problems-basics","Thyroid Disorders"
"http://www.webmd.com/a-to-z-guides/Thyroid-Nodules-Topic-Overview","Thyroid Nodules"
"http://www.webmd.com/stroke/tc/Transient-Ischemic-Attack-TIA-Topic-Overview","TIA (Transient Ischemic Attack)"
"http://www.webmd.com/skin-problems-and-treatments/tc/Tick-Bites-Topic-Overview","Tick Bites"
"http://www.webmd.com/parenting/slideshow-toddler-milestones-second-year","Toddler Milestones Slideshow: Second Year of Development"
"http://www.webmd.com/fitness-exercise/tommy-john-surgery-ucl-reconstruction","Tommy John Surgery"
"http://www.webmd.com/diet/features/trans-fats-in-plain-view","Trans Fats"
"http://www.webmd.com/fitness-exercise/tc/life-after-transplant-safe-activities-exercise","Transplants"
"http://www.webmd.com/cholesterol-management/tc/High-Triglycerides-Overview","Triglycerides"
"http://www.webmd.com/a-to-z-guides/benign-tumors-causes-treatments","Tumors (Benign)"
"http://www.webmd.com/diabetes/guide/diabetes-type-1-diabetes","Type I Diabetes"
"http://www.webmd.com/diabetes/guide/type-2-diabetes","Type II Diabetes"
"http://www.webmd.com/digestive-disorders/understanding-ulcers-basic-information","Ulcers"
"http://www.webmd.com/ibd-crohns-disease/colitis-guide/Ulcerative-Colitis-Topic-Overview","Ulcerative Colitis"
"http://www.webmd.com/a-to-z-guides/what-is-an-ultrasound","Ultrasound"
"http://www.webmd.com/a-to-z-guides/urethritis-symptoms-causes-treatments","Urethritis"
"http://www.webmd.com/a-to-z-guides/Urinary-Tract-Infections-in-Teens-and-Adults-Topic-Overview","Urinary Tract Infection"
"http://www.webmd.com/infertility-and-reproduction/guide/sexual-health-your-guide-to-uterine-fibroids","Uterine Fibroids"
"http://www.webmd.com/cancer/tc/Endometrial-Cancer-Topic-Overview","Uterine/Cervical Cancer"
"http://www.webmd.com/vaccines/default.htm","Vaccines"
"http://www.webmd.com/women/tc/Vaginal-Problems-Topic-Overview","Vaginal Discharge"
"http://www.webmd.com/women/guide/sexual-health-vaginal-infections","Vaginitis"
"http://www.webmd.com/skin-problems-and-treatments/tc/Varicose-Veins-Topic-Overview","Varicose Veins"
"http://www.webmd.com/brain/vertigo-symptoms-causes-treatment","Vertigo"
"http://www.webmd.com/digestive-disorders/gastroenteritis","Viral Gastroenteritis"
"http://www.webmd.com/a-to-z-guides/Meningitis-Topic-Overview","Viral Meningitis"
"http://www.webmd.com/vitamins-supplements/default.aspx","Vitamins"
"http://www.webmd.com/diet/weight-loss-medical-reasons-obesity","Weight Gain"
"http://www.webmd.com/fitness-exercise/default.htm","Weight Lifting"
"http://www.webmd.com/diet/default.htm","Weight Loss"
"http://www.webmd.com/diet/herbal-remedies","Weight Loss Supplements"
"http://www.webmd.com/a-to-z-guides/West-Nile-Virus-Topic-Overview","West Nile Virus"
"http://www.webmd.com/oral-health/guide/dental-health-wisdom-teeth","Wisdom Teeth"
"http://www.webmd.com/women/default.htm","Women's Health"
"http://www.webmd.com/osteoarthritis/guide/arthritis-x-rays","X-Rays"
"http://www.webmd.com/a-to-z-guides/yellow-fever-symptoms-treatment","Yellow Fever"
"http://www.webmd.com/skin-problems-and-treatments/guide/candidiasis-yeast-infection","Yeast Infection"
"http://www.webmd.com/fitness-exercise/tc/Yoga-Topic-Overview","Yoga"
"http://www.webmd.com/diet/zone-what-it-is","Zone Diet"
"http://www.webmd.com/a-to-z-guides/understanding-shingles-treatment","Zoster (Herpes) Virus"